bibkey,ss_id,all_ss_ids,comment
Adri11,691c90e68eab1dcae5861fba0eab73ba626e6777,,single doi match
Adri11b,c738da78dc1fb336a8dff5a8047059d52a6de939,,single doi match
Adri11c,9fabf1bc1c126702a051ec56474af2d1518ad0ba,,single doi match
Altu20,90a870cbb9897124193ba18c5358fe45b6260621,,single doi match
Alves22a,3a84e2a533df9a1351f7442735c961bc80b5892e,,single doi match
Amga20,b4c4c3dc91d42114023b0575c3e2273b87446ff7,"['69999230b02054b82254684a73bb8a4c83878d28', 'b4c4c3dc91d42114023b0575c3e2273b87446ff7']","multiple doi matches ['69999230b02054b82254684a73bb8a4c83878d28', 'b4c4c3dc91d42114023b0575c3e2273b87446ff7'], took the first one with most citations"
Anto22,979a9f247700d00ff2c3f0612d5eb001379f93c8,"['979a9f247700d00ff2c3f0612d5eb001379f93c8', 'c397c6f1480ac8e3ed875adad96e9b3e00c37f26']","multiple doi matches ['979a9f247700d00ff2c3f0612d5eb001379f93c8', 'c397c6f1480ac8e3ed875adad96e9b3e00c37f26'], took the first one with most citations"
Apru19,0c44949334771d4e331d792bc0db77c7fe708ca2,,single doi match
Ares19,b3dc561dd990cebc626e10318b8582a198aa3571,,single doi match
Arma08,a2f3a3a2d800b5ebba57a7df9b66865bd190e6a6,,single doi match
Arma18,86cfa3c1324e704263cd7e39d9bed566c47f556e,,single doi match
Arnt16,c73a1da11addbc1436980c4a327124bfacc491d3,,single doi match
Arta09,6f8ce3c9888cefd812fc1de939e5f7a73786152e,,single doi match
Arta09a,d2056f4696e6badb76a795147c1f7fbb07ecf076,,single doi match
Arzh06,e03a6b506700d339efbf75c7547aa6507ec792ae,,single doi match
Arzh06a,a96e8a989d891bf4d8b015397a1c6ebf1cf39012,,single doi match
Arzh07,9c07ff13ddc83e02c2432b48886cfa9717cc196b,,single doi match
Arzh09,445c06e086a985f3b08982ec6cc126bd92e40d11,,single doi match
Arzh09b,e007b22f9cd225c0831cafe69b2074c5ca2a6da1,,single doi match
Arzh10,e9a1022bef95937ea3a55df1ea1d5fd3aec2ebf5,,single doi match
Aswo21,6b71ee48bb52c6aab084e7325669e0116dda292b,,single doi match
Avoi13,cbbe7f568d45425dc6410a27c56468f9fdfefab1,,single doi match
Ayat20,f435c3f782e98246413f30adcf8f78899650d23f,,single doi match
Baid18,c549a002b6c2d5849674288cdf82bc2b2c0629d7,,single doi match
Baid18a,4c56dbeda2cb93aadcc8e5c697ccb6f44283799b,,single doi match
Bakk19,60ba4be07cc7c44df3c4baf8ceece4b460bdb774,,single doi match
Balk19,94962ef85aca6df5c8289874b56bcaa8722dc596,"['91bcebba717670d740ef76097a0885a0bd3c9dde', '94962ef85aca6df5c8289874b56bcaa8722dc596']","multiple doi matches ['91bcebba717670d740ef76097a0885a0bd3c9dde', '94962ef85aca6df5c8289874b56bcaa8722dc596'], took the first one with most citations"
Balk19b,66f70286594b27928fb0eea3b4a0f292261c292f,,single doi match
Balk20,2c00230262e1e99862ab27743b725e222a74dcca,,single doi match
Balk21,25890a20503e79f773f427c999fcb41387f0aab1,,single doi match
Balo13,df978fe2a5083f91d02e1206b1acab108977b3b3,,single doi match
Balo18,3a3664f9b7e6c4258d9dc282c9c43a95054c648e,,single doi match
Balt18,393450e398ef7775bd9a0300974d1e31636b5a26,,single doi match
Balt19b,20fe29e553477d9bd330f052e4d01c0c1c616b22,,single doi match
Band17,418354adcafbc948c266c55564feb5b12cc3dc21,,single doi match
Band19a,e1170679c6b5fe0addb40cfb62076979a3b3ebec,,single doi match
Band23,4bcd672218ecec70473c84f6f1cc52c64031f3e5,,single doi match
Bare99,46b888d39bbf82a9ff78a5bfb581b4ded6df46bc,,single doi match
Bart20,dd270749c2da64ae1d99baa1c40bc904b28b892f,,single doi match
Beck19a,5a7fca54156869246045d31ebf54ff10408deccb,,single doi match
Bejn14,e39a5aa36977c617a9caecb6da5c87e27886ad6f,,single doi match
Bejn15,49d5e6ed83859117cfd781612878ea93fa75c348,,single doi match
Bejn17,3096798a92ab0829ceb1d601d002dd47dc49e156,,single doi match
Bejn17b,784906ab63c3743a5d26dca846a49c2edbf4dc6a,,single doi match
Bejn18a,afe7e342756fb74d5cf7e4ad171415470a5baa3b,,single doi match
Bel21,455c14205e23d9cb709371ceb605f92e4fbbda2f,,single doi match
Berg18,966107ec26f4d315bb9b7cbbbb0e60a4534e998c,,single doi match
Bian18,6e733d61fef6612626c4c5350f143fc61db9a0da,,single doi match
Blek19,06d09d8c1c217b9bfa0f89736258b8f3b4edc555,,single doi match
Blek21,3d130766be579a65496f87ec07f51123206fe131,,single doi match
Blue10,c05538614208ef1e78d54fa9325730adcad07b7d,,single doi match
Blue12,9ae885b8778b98e3fe4b2f2d1e03a8f533b98b79,,single doi match
Blue15,5447ca0a02102769866deb7a4cccbeb0dcd9ad46,,single doi match
Boer20,4992f23e29e711eec8b92e17ce35610da3758ecd,,single doi match
Boga22,a5c0ae9b50b0058f6e16bdc59a95e489b897e430,,single doi match
Bogu19,6fd044b6c49661a5a1db4b49543c9a6ca4b108fb,,single doi match
Bois12,69ee456f69165c71d2c731334f93039c7cf21f9b,,single doi match
Bokh18a,bf16e7e46d23a0e83bd2efe2d13e7ba7b0c47b51,,single doi match
Bokh19b,c3e98e4b01c27affe1b6c161172c5e27e8141618,,single doi match
Boo09,40cc7c929546e4422263fa844a8cd6f47d266ead,,single doi match
Boo11,3363021df95dabbccfb6e95762195b67c9d8a259,,single doi match
Boo11a,271cc27f0f6b1b4a87e43eed7c85df9c729b3279,,single doi match
Boo11b,23bcee96f8bb86f925bb2d3d0d3b0fb3d870fcee,,single doi match
Boo12a,d67d1dbabc705e5b2d7cb675e8737ff249c1a88f,,single doi match
Boom12,4d53bd36934e6f17b2e3eb58a8764d03340402e6,,single doi match
Boom14,608a5409afa9a5f535d5b3f4776b75ae92ec9e26,,single doi match
Bort21,0f779d6ca748e8a73a78f2e1dadaba3161e80950,,single doi match
Boss01,9836dc01306350e2f0d22817e0c67b07e7858fa8,,single doi match
Boue18,51081160a16f05064f518aa0a5af1a5b075f43e3,,single doi match
Boze12,52f2a5c63c6baad0b75adbd0667f6d63f0e7b134,,single doi match
Boze14,d300479cd834d7c2a32ef4db2825903170d74ce5,,single doi match
Bozo16,15c5713c4b4c87c587b2df572c32fd121cf0d081,,single doi match
Brak01,e7aa02db15ac1c46249be1231b3fa693792844a6,,single doi match
Brak99,b301e9c53ffbfa0df00feed1b50c6438d16c0c08,,single doi match
Brak99b,e08c326631cc5359840d77beb1de4f6927a30390,,single doi match
Bran11,aaa9f7fc2e216f4f0ce40ef000d1ac9ed3a991e9,,single doi match
Brec12,0257287f6628466cb01815358a9955962faf43af,,single doi match
Breu14,7e2cc3c4c648d38b74c4fe802672198067ddebf7,,single doi match
Bria13,3679f6f835dac7059cf470c5251b6e7f3e748359,,single doi match
Bria16a,2af2d2173999744b98665922265bb69a8bccf6ef,,single doi match
Bria16b,3e8abcfa3851f8cbb06dacc2a7ea96305d0714e9,,single doi match
Bria18,3f632517cafc2e8159b1c4c0c6f5375248dfe8db,,single doi match
Brui02,1c04dc70e53afab5482a7adef2ddc5f707383deb,,single doi match
Brui03b,00559146cc1276c6c98401e2aa35e591ebccca76,,single doi match
Brui04,c6736d66d1088989faf12ba082dae19132baed4d,,single doi match
Brun11,4304be3b3a04f1effbd488d408c812fcb8c44358,,single doi match
Brun12,3d346a616566ceafe3a09acdd4831df76c408b33,,single doi match
Bult18,add18010e1af63998bae7573f4cd5d2843eeb5bb,,single doi match
Bult19,d5b8fba71671814445de80d36a2d563f43eb9d07,"['b0cc9473a96dcd45dd1c7de2d7d217c2a453a850', 'd5b8fba71671814445de80d36a2d563f43eb9d07']","multiple doi matches ['b0cc9473a96dcd45dd1c7de2d7d217c2a453a850', 'd5b8fba71671814445de80d36a2d563f43eb9d07'], took the first one with most citations"
Bult20,39a52867ea3d60ec4f28182e0e618b762d3d7909,"['39a52867ea3d60ec4f28182e0e618b762d3d7909', 'c310babca20446de2ee7d8857abe239e0fe261a0']","multiple doi matches ['39a52867ea3d60ec4f28182e0e618b762d3d7909', 'c310babca20446de2ee7d8857abe239e0fe261a0'], took the first one with most citations"
Bult20a,06bcda243a29be0892422c60b663f80cff21978a,,single doi match
Bult22,551a32d6bb196127b75d256e8547b81ef67a7ad3,,single doi match
Caba18a,26b1aec641be34aa1a7a57362b04bd187ee75aa2,,single doi match
Call19,58662a2da377ad2a9b250b514128988009a2a0b3,,single doi match
Call21,58f03af16be931f9a56c8499ed30efbb9b9c3592,,single doi match
Call21a,6cc01a49101001e1a490645e941b3d2311dd4265,,single doi match
Call22,e6376c22784f8360aa3d054fbfecb113265c032a,,single doi match
Call22a,5cf064abf52e73426c32a6c4725f0de26e0c1c5a,,single doi match
Char15,4db42d98f611269628eb8ddc4171c4a5f412506a,,single doi match
Char16c,d884880febbc8e6c5f86c1040c009174632569c4,,single doi match
Char18,3ed451d2830a2afcbbd254f0015eeafa796ba1b7,"['3ed451d2830a2afcbbd254f0015eeafa796ba1b7', '4fd1ad386d794e9baff286b212013b3b44bb7bd3']","multiple doi matches ['3ed451d2830a2afcbbd254f0015eeafa796ba1b7', '4fd1ad386d794e9baff286b212013b3b44bb7bd3'], took the first one with most citations"
Char19,4c1db92618a758e92b0964e7ed65ea7ec48af0f0,,single doi match
Chle18,27cebb08aca785444166209593fc0ec740469b1b,"['27cebb08aca785444166209593fc0ec740469b1b', '96438076b4dfa87956f55c0d8cef9c198de2beb7']","multiple doi matches ['27cebb08aca785444166209593fc0ec740469b1b', '96438076b4dfa87956f55c0d8cef9c198de2beb7'], took the first one with most citations"
Chle19,5bdb1a2667cbf2ce2f6142f14218df298a9eb090,,single doi match
Chun17,bc86e211f26bd5c68e9548c1c215fa9605c6daa2,,single doi match
Chun17a,abdee0f36ad16d6c3064aee8e98c4b2bd6c691a0,,single doi match
Chun18,ef537c1ce62c69018575d2c90b70024a32256ef5,,single doi match
Chun18b,1cc0b06d80d21082d2610f11daa488cc6817b207,,single doi match
Ciet14,f94e09771e679cce8593b18228915cb5b7474141,,single doi match
Ciom14c,c46078f5f85c01090f2ee949a0d332de7d6e4463,,single doi match
Ciom15,671d9c99335001133ebf2125167aa2f2bcee6efa,,single doi match
Ciom15a,622791cfb4e509158fbc858e9a970283de0f8045,,single doi match
Ciom16a,271e85d19b4cd1997a110525ffb66df7a8fa7fe6,,single doi match
Ciom17,87b612323f759cea5cb224331bfacf59a0f335b6,,single doi match
Ciom17a,fd0901b1f2121506391a7859de8fb695d159a393,,single doi match
Cohe16,2639e166ecb1dc63dcfe61eefe66b3e2213f17f6,,single doi match
Cohe16a,670931e779bb4fe0dbb9a9bf3c00e5a53ce0f26b,,single doi match
Cohe17,5f74400c97e716a85f20871b4b477dbca9680664,,single doi match
Dale04,1536728fbcefe01ebf1d6f670b2308fac4565910,,single doi match
Dale07,98607603fde29967bbef46cb8e5915c2d0b2d739,,single doi match
Dalm16,2662ff8ddd7135754bc72ca833eacfc1f307aeb1,,single doi match
Dalm17,11f7a41abab06b8792057fa46cd3de08b22ac7d0,,single doi match
Dalm18,c752bf23b7c12e6f81b6d2b014e29597095a8f94,,single doi match
Dalm19,78a25fcd0825f006d8326a932d681e9420a9b77f,,single doi match
Dana97,8a07de049e417cc61442d8c1ecc576155f6777a8,,single doi match
DeSo19,4d1a108034c95b70c51ffcc73cec398e312b3446,,single doi match
Deba10,6d0c6c2a9a8c9d13e071fe9b6d76e57f3c301a33,,single doi match
Deba11,5fd64cf068745acfc9df060a4aecb7ff6e68ead4,,single doi match
Deba16,70079b1af89534ad1caa342fdac269789d31459c,,single doi match
Deba16a,7b919a690fea032f8b55339c2a0f4abc56add55b,,single doi match
Deba19,663b19914b7fe99a2c3cc1641ba8d47109d63db2,,single doi match
Dekk20,583fa25f21581a7bf39510373038cb9d69004232,,single doi match
Dekk21,f8fd6c688a6da313e69e95559c1db7cfa1fb04d0,,single doi match
Dett14,8b8211800c55a1cf2cb5b9809294d09bc21b8168,,single doi match
Deva17,f2ea47c7c53d8728b0ba4f4f0edb945edf877d4c,,single doi match
Diez14,cbf00889d89fe8c70d66ad190cc94c3ed25f7f42,,single doi match
Dijc11,de4199466e65c57d27343bcc67a9261037d304cc,,single doi match
Dijk13,529b7ddc8fb2f886b919b66ff8704b96fe16c0af,,single doi match
Dijk15,32cfbed76bd55d2aa3c2fa54652941d01994dc35,,single doi match
Dong10,644ca5e97840d8532c7bdcf142cb49e398ae4ea0,,single doi match
Durm14,c20d695eb6eabe26c449e5e4a75d214c92b636dd,,single doi match
Durm14a,dc399a6d32501c1b878002ed27dfd7c54ab82965,,single doi match
Eeke20a,8bc7e464965aabd635e4bc2e76d186d6d2c04e01,,single doi match
Eeke21,191e15acc68311c29c38a4bbfa0769608fa48fbc,,single doi match
Ehte16,2729d2918978d5ed602aa843fbdd027d83e0036f,,single doi match
Ehte16a,7e39820fb261f367ce8bf362de991ebff4400083,,single doi match
Ehte17,ba913e2c03ece1c75f0af4d16dd11c7ffbc6e3ba,,single doi match
Ehte18,a58015a59562caf325a3f05288147704c055ce8d,,single doi match
Eile08,01e9a45f2aa66160883ff062da13e14f4ea96199,,single doi match
Eise12,bb07c9b92d8d59595eb0a5e135c3f54ebae9e43b,,single doi match
Emau15,fb1084b454e9b6f203c860e6f89ca4389cd1a8e9,,single doi match
Emau19,88d7b3243c9083be8542ce1fb171241c8e069948,,single doi match
Enge01,2c91e8d6e8f91f58003862001c4d9b65ac2e966e,,single doi match
Enge03,047a1a51dff311bfdbf5eed4ab11805d059bdf84,,single doi match
Enge03b,a77f68203e9f4e3b0bb83aea1fdc085ee50af4d4,,single doi match
Enge05,bc98a58c4ad70fe8e10233541b8b7174239c649f,,single doi match
Enge05b,2ef80dbd4ef99216073e7287dfd6f785d1a15877,,single doi match
Enge06,0d273948d15fe1bc231a712a308804f8426ee988,,single doi match
Enge06a,878d8de48dd9eafa5ec823e17d918b56c856eed9,,single doi match
Enge07,e5991fe901cb59f561010d99925459a0a99cb9ac,,single doi match
Fait21,dda2624afa1a1e32c91322c192e397913fe2fc7d,,single doi match
Fens13,14629625274f335f1c62fddf4caf435dde0489f6,,single doi match
Fing19,14d5f7dc42e1af0d92d9e3e3124619a0cc0e395d,,single doi match
Firo10,2f7749b662adea99d4231d993319f7f24afb844b,,single doi match
Firo10a,ee26d8460390b683da4bbdf90ce004257b400878,,single doi match
Firo12,70cb5fd701a0abcb387281dcd399ba803df711b4,,single doi match
Firo12a,bad6b84ad1b5439be33b69909ff18b2553f2f403,,single doi match
Fond13,13aa11f60bf53aee440facaee410163650dbedf3,,single doi match
Fuet07,6ee67f5869179ec04d752869d0fb9f7f41131fd8,,single doi match
Gal21,3b4df694a48f1f01b83215e8be048e1f83ef9bb9,,single doi match
Gall13,a9085fd32666cee3c7dd7117d4654f4e09ad4337,,single doi match
Gall16,0586cbd2a31688a22dac13eafb768fa2edf56b47,,single doi match
Gall17,e15e0cd21632aa9d6643b314a4d1d1a6580f2b39,,single doi match
Gall17a,02a6b1ae18332136192bc7977c366e6340e5c62c,,single doi match
Garc08a,56f820f835847a8d976f67889dce8d3904d838cf,,single doi match
Garc09,8c75cf4de784901aba7d8671a1be37789073407b,,single doi match
Garc09a,87a7e292cd3b829687b776d158feb9ba2a64c6ac,,single doi match
Gatt14,25c32af274aa8bed2e01063cc8d71c4d1ff238f7,,single doi match
Gees19,c7ce6b90707871b922aca4cb6a8b16625980788b,"['2d7797e69a35b5ffe021a2762ef251764562dca4', 'c7ce6b90707871b922aca4cb6a8b16625980788b']","multiple doi matches ['2d7797e69a35b5ffe021a2762ef251764562dca4', 'c7ce6b90707871b922aca4cb6a8b16625980788b'], took the first one with most citations"
Geij18,8e8b923c809ab504558fd4822a7696c6e2492cfe,,single doi match
Geij21,4ea1f801a7d14b2bf284fef25d83bcc222c01629,,single doi match
Ghaf15,aa66d8655463fa432fd3ce023e6ad10eec2d337a,,single doi match
Ghaf16,19ef79992e71a374d59f8be3feb93125fd7815d9,,single doi match
Ghaf16a,ea864dd65dfd1207fde07941ceaf1bda38ba9c1b,,single doi match
Ghaf17a,7f7990b0d4a5f7b356d06c7017a337b5ae3b31cf,,single doi match
Ghaf17b,102a580a89b7e9d5a6d8e79864db183d6b5fb6ad,,single doi match
Ghaf17c,91feb0cb04d67a5c38d0a4e7c67fc7874491abc6,"['91feb0cb04d67a5c38d0a4e7c67fc7874491abc6', '925024223075dcc5b4db81f4b07eddf2cbdf4519']","multiple doi matches ['91feb0cb04d67a5c38d0a4e7c67fc7874491abc6', '925024223075dcc5b4db81f4b07eddf2cbdf4519'], took the first one with most citations"
Ghaf18,2e11acb5e60b59af637cc7faea6e390ed6a9429b,,single doi match
Gibs17,91628553dee20285dd23c7a77bcc1b9510abe0c8,,single doi match
Gibs18,7920c85aa097d57a787de42802120aaaf3f94ae9,,single doi match
Giet10,2262ebcd92f9597d37813d0d3d27d397260cf674,,single doi match
Gige13,7b178f081b9c64dae9141dc9d197f49934b00c58,,single doi match
Ginn00,68c218a07341bf3a5fd2a587ef4cfb1845046798,,single doi match
Ginn00a,54b1c3215b4de092378641f88dcd39a773671cd1,,single doi match
Ginn00b,b6c2b03aef8689cbd5bbe2cae322eaaea832b7f6,,single doi match
Ginn01b,793cc33a9f29953685ca942d513e82870e9ccd13,,single doi match
Ginn01c,ceddfad717e3e521d337f35904a1c78c1d75c490,,single doi match
Ginn02,99840ed7cc49c379273099b57bf58f55f5274e64,,single doi match
Ginn02a,cdc58c3da5a84aa0cb1bc0d38d35c094c3e34579,,single doi match
Ginn03a,3d2b3cfbd2d98c33a3667c5f13b12344353582f8,,single doi match
Ginn03b,631209b8421b31dc7911d58a324a8afa4cb29dcd,,single doi match
Ginn04,5213634acf39625658b52e14b18b2fcc322044c6,,single doi match
Ginn06,5eb2d7ba6741a54d50102b8efbc99cafa0db189c,,single doi match
Ginn06a,eb2b4becf4429230504117b0654db1b7760695d8,,single doi match
Ginn08,d38f3d596081bef8ffe67e92d112e0633d0be0fe,,single doi match
Ginn08b,1a0ce62f3c2a0c435c4493e3b287d9c481aef1c7,,single doi match
Ginn09a,1bdcdb8e63f995041451642c53c434face9033f7,,single doi match
Ginn10,d78b9eeb7c70a82eb7f329d89af9fea0ccb88ca9,,single doi match
Ginn10a,39ae90f765547171cc6163ba3ab2e977c86c03d3,,single doi match
Ginn11,cb1fabd765f28f4e61a5e6771b1468cb9a113fc4,,single doi match
Ginn15,81570ccbf4a1edb8898e8969f9befa3561e46318,,single doi match
Ginn17,b69fe5a837277ddbea5215d6bacd3a902e9d11ce,,single doi match
Ginn18,f46d34f0234422fb7db3837dd2b32efe03fc6e9a,,single doi match
Ginn20,11cfab281e93fa7803931be8b589aa1f09d7af02,,single doi match
Ginn22,13d81eb12871aa6a4f15fc5c9b127bc320f55179,,single doi match
Ginn99a,99042acbce8ec757d91749259821dce751a9a809,,single doi match
Ginn99b,8ae7d6146b6d9ed23f6b35f8fa23d3b467bdecef,,single doi match
Giro22,8c882c8737d351dfe19e663228e4c3bd2cafa992,,single doi match
Gish14,cb1b0ac31149df13be8ea554792b8379f31e3d7f,,single doi match
Gome19,b5f1ef811b206720957f6c4412c9a2ad9bf480c9,,single doi match
Gonz20,44cb242be984781ad380e9f785157c13384d0026,,single doi match
Gonz20a,d0760faf253e27b6c105d76d06acc4c6ab3674c7,,single doi match
Gonz21c,14ac8b3d719781be45a46e7d33fdee702eecce2d,,single doi match
Gree16,0ab99aa04e3a8340a7552355fb547374a5604b24,,single doi match
Grin13,b47eb89360053492a2c57e7474301f12260ac1ea,,single doi match
Grin13a,d80fa93bf60f2f3635eec2903b09e9848ecacf03,,single doi match
Grin13b,8be6e1c3b1224ea96f6ddbfde8153e32ab9a1f75,,single doi match
Grin15,2da30c95504bfe2cb1e3c1058531db3226ac7780,,single doi match
Grin16a,2ebb428ce82dc699122e1a98d518e48d0c068ed0,,single doi match
Grin16b,226df2c0315fcd6ac45413e70d3a0bac3e1b1072,,single doi match
Grob20,1479138d85b4af9d10bd3c2301ea68d2406e8d85,,single doi match
Gube12,2b40545a6af971b370932b854150e74c623f7357,,single doi match
Gube13,024137b64819b9f18837d405e4ecff2572468c80,,single doi match
Gube14,15e91f8c7fc112ced9946aef9761fa92a1f235c0,,single doi match
Gube15,9356a0862ad0dd269e24f09924d2d1f99ea7fda9,,single doi match
Gube15b,60149277867d3e86391c0aa4ce5720e1a1e5cb48,,single doi match
Gube16,7620ef3e0f908161af57191c25b7ed849734f1cf,,single doi match
Gube16a,43e4b8914c087b637ae22b6b4f85f70e31e6e4e8,,single doi match
Habi20,13122b7c0ef4a596875eff981651d60140e67417,"['13122b7c0ef4a596875eff981651d60140e67417', '142f9f46a9ca5a99de4c7b819d801d245a9334ba']","multiple doi matches ['13122b7c0ef4a596875eff981651d60140e67417', '142f9f46a9ca5a99de4c7b819d801d245a9334ba'], took the first one with most citations"
Hadj22,df2cedb6640c9c7e0627fb03cf26b49e82a154b0,,single doi match
Hage21,ac718bfeb8188b8540e72b81b81ff22c9f5f7b44,,single doi match
Hago18,d0df46743b04218d7a0800c82aa2ea775973a9ae,,single doi match
Hali19,06578dbe1d4b788eb0b6b0c84e3d4fae0ddf3a37,,single doi match
Hamb08,f7c501d095bf0a0e58967aa336ab63ff912de195,,single doi match
Hamb10,3f99aa1cc1a5175b1c0bca3b0c4747724cf87757,,single doi match
Hamb11,057100455efca559a6d38d31ed35cf56bdefc958,,single doi match
Hamb12,17a88c8b4c36924e5d0b7d9f1a6e6b99a327c535,,single doi match
Hamb12a,be606a6037f048bd51e9dea69e7f324900f3e0f0,,single doi match
Harl22,f8fb57d8601ac0189ea80c6412232ac6771e51f5,,single doi match
Hart10,712af65240c4f97f06da6178849a64f218a7cadc,,single doi match
Hees19,560e2100afbc64953c5155459b1f459f6e55003e,"['560e2100afbc64953c5155459b1f459f6e55003e', '65e6296fe63fbf76519ef01e16b5e62bfabbc3ca']","multiple doi matches ['560e2100afbc64953c5155459b1f459f6e55003e', '65e6296fe63fbf76519ef01e16b5e62bfabbc3ca'], took the first one with most citations"
Heim09,75352a06f8f39701d59c3a3a78e5cce6dd469ea9,,single doi match
Heri19,aefbf6afa8d75939106323e38e06c7b8b85ce954,,single doi match
Heri19a,e50f0d6b5c1b710f13e9ebe2b3e2448518c8e26d,,single doi match
Heri19b,8dff3f1ad2cb2f512ea8c8ac7523699b4f9e82c5,,single doi match
Heri20,1138a76e62c45bfa0a1daddf7ac45f826c2d5222,,single doi match
Heri21,3c649c514443775e25e096cff35d58e393659ac4,,single doi match
Herm19,fa59a6c087ec8b88c3828a95de5e0662cd2eee7e,,single doi match
Herm20,3f9c978ea44205703f337574f5e07eb9d7ecb523,,single doi match
Herm21,3881ae992914cd50a14782104170cc5dd5d9ae7e,"['3881ae992914cd50a14782104170cc5dd5d9ae7e', 'a4d4e42f1accfd77f378549c776b7c850afbcda5']","multiple doi matches ['3881ae992914cd50a14782104170cc5dd5d9ae7e', 'a4d4e42f1accfd77f378549c776b7c850afbcda5'], took the first one with most citations"
Herm22,1d7cb6f85cf6478da6fef4d5630f02aa3a053f8c,,single doi match
Heuv15,1fd0e5d0355bb0798803da2ff5e743d1039819bb,,single doi match
Heuv16,2e5d61cc075f2a07f75282ae00b2da4a727f5795,,single doi match
Heuv17,f8d5915101494c63b044909b93b821caa688f220,,single doi match
Heuv17b,aa1ddbeb489b3e103f3dd681ae20ac0014af2209,,single doi match
Heuv18,80d1a72e3c8bf0e3457492b1f27a05ad6f5dd9a8,,single doi match
Heuv18a,1427f469d6fb172d200d6f25837cbeaddad425e5,,single doi match
Hoek11a,7c7195b2121495ba8290bd5522c630ddea105ed4,,single doi match
Hoes11,8cce5c02b19e5f77784efa75cc6aac29c507a602,,single doi match
Hoes12,f2b3202d9635c6ec6114a21814eb02638ac82a05,,single doi match
Hoes12a,9b54fea05c39e8c1db7bcf55a970a1cc598a3398,,single doi match
Hoes13,c8656b4c7a205284545931f3c11b92f7219c5ffa,,single doi match
Hoff16,f8e3b007a829e53c9a9f7527d26d495c8463dd7f,,single doi match
Hoge10,9b206a6f4f5b4f3c98394e8109e7a04cf730d9d4,,single doi match
Hoge10a,08e4dedc42f4673f3af944da663d5f50ada17176,,single doi match
Hoge12,561164998d2d1b53d5709c2ddb84f4c306a82624,,single doi match
Hoge13,a87ed4355c439f449612db464993e47922629779,,single doi match
Hoge13a,3740f221395f8283dfc90cf82449321c96034d73,,single doi match
Hoge15,bcdc96b82387f57a2cfda77682add942d2fe798c,,single doi match
Hoge17,9ec13cc1fde3f48b96db330a11c523621f2ef6de,,single doi match
Holl14,56a1fe85a51f377f8985f38d5798b7037f90febb,,single doi match
Holl16,0dc755ded5e6a44e9ce9ac47bc69aa5573b458f0,,single doi match
Holl16a,0b86365ed2e292ae5da868946983b31f7a9dc391,,single doi match
Holl16b,e034856f4f0949b6ebbe7d4161e253719fdcb399,,single doi match
Holl17,907cc7a4cdfde916a2295b9e459564f6d51e1d24,,single doi match
Holl17a,9ca57befc51aee0d4bf6f19e951a776e4d1c9d82,,single doi match
Holl17c,817c6ab7fde2a45210b6b80c4713b9147b3eba19,"['16352b9da95fb7a2643f617b61c56669b07879c8', '817c6ab7fde2a45210b6b80c4713b9147b3eba19']","multiple doi matches ['16352b9da95fb7a2643f617b61c56669b07879c8', '817c6ab7fde2a45210b6b80c4713b9147b3eba19'], took the first one with most citations"
Hols15,5d3d4d3b4197a9f121cd1a287dc9a80c5dfbb1ad,,single doi match
Hols18,4458f33f0650bba1f12dc16956608386c46b76b0,,single doi match
Hoop09,6845a171a50763bf6409c2729dc4d368860e0baf,,single doi match
Hoop10a,adbadde7bbe22a4cb6e99e2f39fea781fff1c048,,single doi match
Hoop10c,0af2a2b7fadd371abc1c8c46b6b37433478ae638,,single doi match
Hoop12,846de900573aebb1a0f2b36dfd7d080cad255552,,single doi match
Hoss21,21face92913ea6919840f59cd3cd5e84e70ebc7d,,single doi match
Hu19,b5c3309a499f0e8a3207f6b25b34ead5b0cbae9e,,single doi match
Huis07,cce569e05666a3817a93c128c705733c5c42df5d,,single doi match
Huis19,37e39166873ad1f981a845eda627f3d161f105e1,,single doi match
Huis21,4fff96d3fa57f3a194b03f5524b9f45fc67dcb00,,single doi match
Huis96,8224f913e000d00d30ddc6e5fcf7486adc9e31c3,,single doi match
Huis98,93c05396532b476b41337b34a14b5d044f5057ef,,single doi match
Huis98b,056af49e670a8c5385d7c39977acd8d49de9fff0,,single doi match
Hump17,b704867c644d95b8ddc980b19b3805181b7a28ab,,single doi match
Hump18,0c7b80f04984d9cea99337c21cee93a69dae27dd,,single doi match
Hump20,4ad04c0dce1e8a12c49bae26252f476383ec3273,,single doi match
Hups08,9d77d77caa82df8186ac09d9f44131eab2f3b985,,single doi match
Hups09,33d9ad8ffba587147b72dbf8e166f30d5170ee99,,single doi match
Hups09a,47893c326cd32e8f34d35bd8c0b6de0ed27d9de2,,single doi match
Hups10,907b1d90f89dd803460133cc5f005797514ded42,,single doi match
Hups13,68703321fc18fde3cd4a568b328280f69b594af8,,single doi match
Hups13a,2bde6fd417a50bf9f52eda4fa9a1dc7a3a2a5853,,single doi match
Igle09,b5efadc7ed85042a5af820dfc430993a08ba00af,,single doi match
Isgu03a,e818125c17499f8c23accc7ed09b9c7bed102724,,single doi match
Isgu04,edcb88076df807a341f31128b3c94748a4df8003,,single doi match
Isgu07,b717ba083290575d9176a4620c3abe46a949cbeb,,single doi match
Isgu09,af1ac5542db7aab4911c3f70b080564c83d4d0cc,,single doi match
Isgu10,1ae278d37a894cb1d50a70c79b2db493f476631e,,single doi match
Isgu10a,b3d2443be3028a33c52bcaeb46d7bef2addf0e5e,,single doi match
Isgu12,5597d386256263f67338a1b41a90ac204aa5ad38,,single doi match
Jaco10,e8c5a5edd60ed560edaa87fe335cabf1702e14c4,,single doi match
Jaco10a,0081e840aeaaa405c804371a3768db33d86bab0e,,single doi match
Jaco10d,28200b417aacd207af7ff52bb7ede1fa7ee8b73a,,single doi match
Jaco10e,b7652a6a140d0de2324064d21ce7165f8ce44271,,single doi match
Jaco10f,3b553792b01dc3235d0d5d19de5441c2a0570ec5,,single doi match
Jaco11,2b13cb88382d521bab7fe58fc4220ecec7648815,,single doi match
Jaco12a,0566f2dbb3c0d1e814b2067f6a14664bdcbb9881,,single doi match
Jaco14,704081db7542b73bbdcefe9ae7e7dc19fe4316c0,,single doi match
Jaco14a,93b9abde7345b389113dd9656f6d7b9a43f261bb,,single doi match
Jaco15,1727e0a37cb9a85f73d0ca4f64616e9ab5044c99,,single doi match
Jaco15a,67ae0419e41a69c4796b9e18bf6f59814784a933,,single doi match
Jaco19,ec14da74fcbd65e013855cea561c2142c68f72fb,,single doi match
Jaco21,35af94bb3f5654ef60446d79e88621043fb7b543,,single doi match
Jaco21a,e91661654480905a880033a9f2266343736ea7bd,,single doi match
Jong10,0ee868fc1c16664777ec71bbe38c9ad026e2525a,,single doi match
Kabu09,fb4ba9e98bc756d05ae3d26c035386efea55abe6,,single doi match
Kall08,88ba982955fdc0ae3283fe0b6bebf48dcc828a74,,single doi match
Kall08a,32fbe24d39ceed1d26bbc023bbcffeb96a1a784e,,single doi match
Kall08b,21cc4473c838a1e2a8e3edeef62dab825da689bd,,single doi match
Kall09,6bae8c8b793d36dbdb318470792f9b1708206801,,single doi match
Kall10,4da603618ab0093c1eb4f79bd10741cdad0a1184,,single doi match
Kall11,eee3029e205dda52db4cb876ba59aa538a48ea73,,single doi match
Kall11a,d5145a7cb6447a37cfa8eaf072f282e16e1e1750,,single doi match
Kall12,d7a2d54955eb4d75b6226e469f3136050225a7b2,,single doi match
Kall12a,53f8f940e1c62525b80fcb5e787aa688a93f18cc,,single doi match
Kall16,47c18899d0d264ff72ca2376ed8bb2d821f13a98,,single doi match
Kall16a,41ff64a90222b4bf103f42c5030ad5adb498a840,,single doi match
Kare14,e19cdbf6fdb3c4b3e983841d91f06ac3c63fb59a,,single doi match
Kars04,9ed02f28fca58adb93cb13413cfa33a623dae44d,,single doi match
Kars05,48b2c69dd2ce2556fd02fdee659f8db428fe95e2,,single doi match
Kars08,e40c27c42582851293a3f05817019972b24eb06e,,single doi match
Kars09,bf4da090d53f839871474e2c17389cfb224a7742,,single doi match
Kars10,8da87939da5e8a3ab8bffa875cfcdee748bc2280,,single doi match
Kars90b,84bc3ee567e0b5e9d9b3998898d700878376ed78,,single doi match
Kars91,cc026f046a6629ef7be86172cb75cbd1410fa183,,single doi match
Kars92,f0a236b5149cd1642acffcab7920742604bf2fdf,,single doi match
Kars93a,eb0f63cfc6f5acf355aacb0d973a06304c43d5cd,,single doi match
Kars93b,06f1f4bef8e1b2d90068fc9d4feb542fabbe836e,,single doi match
Kars93c,f4305a7996f618faff4ec968ef883d2769f7fac6,,single doi match
Kars96a,d4f072532690ae1433a2eaf7c7f682ee8df294a7,,single doi match
Kars97,c367d29c9d7817838fff5097a80667ee2a79ae4f,,single doi match
Kars98,1ac5f398c1eeae7189800c003035dc7248298f93,,single doi match
Kars99,9ceb82b0ab095f63e41811004ae78929c62cf326,,single doi match
Kart21a,014718afc12c16c0a80091c389bc661933484793,,single doi match
Kauc20,2cbfeefc3025a11beced3681bd0b358d44d4c0a8,,single doi match
Kauc20a,93d384fea8e9acd340445c227ed226e1642bed49,,single doi match
Kaze20,04507020e4e003042150dcc8602505d1bec71c49,,single doi match
Khal19,30dca929aeddfe3e24bfabaaeed66b3882c1fb4e,,single doi match
Klik06,a13b6a3d2e3e5ddaa38f52ccf1eaa259bce43423,,single doi match
Kloo20,6975511e8856bf97caedcd6a8935cde06a2fed10,,single doi match
Kobu16,4c9abadd8af32f1db60112025a18f8ba33d47269,,single doi match
Kock10,da91be2f5ccd356f104f7729c45ddd6fbd6693d0,,single doi match
Kock10a,861d6ffbd965b28b558b675e5ef6f24670fc541f,,single doi match
Kock14,c1f2f36dc770001c2b6cbd287b7984e225eac117,,single doi match
Kock16,c28aa351b0f9a74539a6d5c92fe4a7325dcbf4f8,,single doi match
Kock16a,f70ae8307930e0af1370e329b133fc75d72352fd,,single doi match
Koek12,73373e664b599ba63aaa245fcfb00ccd1e4f4757,,single doi match
Koes18,6f0c30323e83f89d95b797f49a6c4464e0576e00,,single doi match
Kooi16a,7c1f80dba043b6b0e5369915225f718218a6fd45,,single doi match
Kooi17,2a863a1ab6df3ca9a55573befcb89e1ed7b7df74,,single doi match
Kooi17a,03c07dd19884c370e3a49106a27578ffc3697475,,single doi match
Kooi17b,5b0eabbe26da0e57856f08cddc34e8c7a62c5cdb,,single doi match
Kooi17c,dcce31a81f66ba0502265cca7dbd9f8477eebf1f,,single doi match
Kooi17d,a908e3775fd064b0d249728a7261cfb1efa13b87,,single doi match
Koot20,3d01a44659fce1fb0134b6d8baabbee72583d3fe,,single doi match
Kort15,88b86ad75e10c7dac7b70edbd05ed494d699ffb0,,single doi match
Kort16,2fbd158c39a795d294b80591f85305b95b2cff58,,single doi match
Kos20,a7f96553bc690f6f66697895a98e9377cc0f7562,"['889cc0565d6e2e844f4db0132c71a612672d2497', 'a7f96553bc690f6f66697895a98e9377cc0f7562']","multiple doi matches ['889cc0565d6e2e844f4db0132c71a612672d2497', 'a7f96553bc690f6f66697895a98e9377cc0f7562'], took the first one with most citations"
Kosc22,cefe4c90cb1db768ad407f8ffeb0c51cbc0de0b2,,single doi match
Laak19,48547eb6d7527cf31f47cd77cfec4af159a23a51,,single doi match
Laak21,7d873a9c49d3864709aa762f8740edcdbd7369c5,,single doi match
Laba17,510bebf1faa812da5e70ce18eedfa768f0077a38,,single doi match
Labus22a,ce59572dd6919387c5260721bb7b070ca7ebf444,,single doi match
Lang18,db7c0e95188f028e4899642d1510c600e7fb44f2,,single doi match
Lass12b,eaea24fdc6aa24479ff0cbd3b58dfcb2e8d56868,,single doi match
Lass15,95c6d05f35d82b06b155d05f1a8954e940991ab9,,single doi match
Lass17,a1aa321aa6892ab2478ec99f422d1110afe1fc7d,,single doi match
Laue13,ad50e7a84dce1d4c36c5387731d99005711b062d,,single doi match
Leem19,e03d4a9c11a70f4ec009ea81d141742b40b20789,,single doi match
Leem20,9f7129d07d92e91ecf42dd33ef05d83514303003,,single doi match
Leen20,5a1c2ad4627095f867a2fe62d61177c4631096d9,,single doi match
Leeu21,93e353567bbc7525306a14b6219973d34b084c4e,,single doi match
Leeu21a,5f6c21ae64b9db06da177f44b2d59a0dd6f9c583,,single doi match
Leeu21b,dc68e0f61994ca0e768584d39c108305287f338a,,single doi match
Leij17,f8c72c5da56aec5e573cc9e4a56d2a53b151e5a0,,single doi match
Leij19,c321fef685aa56d1c5a49d01e6de616f191011be,,single doi match
Leli08,6493a6974ae6cb8e4188894fb9e2b5a6107fe424,,single doi match
Lesn11,01491b1e830ef88a3e39a06313bc27390167fd86,,single doi match
Lesn12,a37cda5126f5024777d9440c5f567c9e5baae4ce,,single doi match
Lesn12a,1d8b4341ee856c294dc6c3d13e8cb01ab8dc44a4,,single doi match
Less16,b542b6df300ef39144d6172e8fe41a0b93fd5f8b,,single doi match
Less17,1a3470626b24ccd510047925f80d21affde3c3b8,,single doi match
Less18,b41e47d9978abb56a5b0fa6697f5454e31579722,,single doi match
Less19,31d77e71f4151452d18b69a5649a64df561f6af7,,single doi match
Less19a,77ca4f86eaef55fb7c853dad2fd3600a3eb5b169,,single doi match
Less20,4330ce9c73af04a35d1a7dd366df8434c98e30ed,,single doi match
Less22,91437d205e582d2d1ce2dab8e49687a2a9bb0f66,,single doi match
Leym96,7f897bcefc1fcc04cd17ae162d6bdfcff4dd83c0,,single doi match
Lief17,e4010e494f6a7f0ea93b4cdb257aa1e51611609a,,single doi match
Lief17b,e5fded74d443402884e88d8f7952d34d5371dedf,,single doi match
Lief20,4d54536ebf1b355d02cdfe742553032666101dbd,,single doi match
Lief21,67af3a5566aceaf87e2caf82eb587c91ebd41900,,single doi match
Litj10a,0f0313aea2ba0198c5da4b5eff724caecf885e7e,,single doi match
Litj11,91a237f32276f0b6c334058b32e1c6dd25ffd8db,,single doi match
Litj12,14db29c5408cb2e1d9e66cf4b09034699a024ca6,,single doi match
Litj12a,bcff51ffb3e864ae4f8a4b6de12c2bf019999c7b,,single doi match
Litj14,cc83eabf4f833b8c92dcf6012dcce348591d060f,,single doi match
Litj14a,2f39694d368806dbf90c898dcadb23fa4d2a0ba2,,single doi match
Litj14b,639ee4bb8d748364fa12c44a29cb38e925488ada,,single doi match
Litj14c,1b02bd4ef5cbf6d6fe99c1e52814ae27c17cf96b,,single doi match
Litj14d,1b62c9397a2b1e488ae68530275cd815204022e1,,single doi match
Litj15,e14a159a1d16c2acfe48b60c81807300c67ee228,,single doi match
Litj15b,a44520f7cfcb2d3867ccb40b54b699b8f23f2acb,,single doi match
Litj16,9afbb8e061beb2a23a29150d6f5be1d8507db996,,single doi match
Litj16b,7bfa78ee6a6d93bac31a1e29bc0552ca8e5a215c,,single doi match
Litj16c,47262a72c9c7bf5070b97e70b55c6190d1079260,,single doi match
Litj17,2abde28f75a9135c8ed7c50ea16b7b9e49da0c09,,single doi match
Litj18,188f8f6f70947215a9dfeebb0b577155e0d3d339,,single doi match
Litj19,1e70a09aedc8d91538e269f568b212ca839012b1,,single doi match
Litj22,42c19709354c631efc35d2bda8f0d33cf1d79831,,single doi match
Liu14,a4278e9daff8dd2d492c51d6c629a76d552a9c45,,single doi match
Lo10,56f99e7b81eac197131323001445ecb2eb0569b1,,single doi match
Lo12,cfcae9fa6bd0b4cad15e40bb0dc4e8b367826acc,,single doi match
Loka10,a717f22666cfef9a62f3e18ac8ed5d81abac272e,,single doi match
Loog02a,284bac5873dc9ae6cd676d5e77f51a7347db061e,,single doi match
Loog03,e783c9b2be90dd57814d8064375e42bef8cd7154,,single doi match
Loog04d,90f7f1eb9a2d0ff1db35a909062577efca9e32be,,single doi match
Loog04e,07456424645481c6fcb32de1373978bbfc6e6e2c,,single doi match
Loog04f,9d694a982ab413c311ead393c98a844394752044,,single doi match
Loog05,644fcd2ee9894d41c6e886c8067645af514b925f,,single doi match
Loog06,5260cd32e11481ba468d6c8a0464d66627e27f8e,,single doi match
Loog06a,d5f1619d8d7b6a1f5377a19f4daba1dcef9413aa,,single doi match
Louz14,81460e5c3d1d916f328caad6b1775bd8ce7fa418,,single doi match
Maas19,e8b28dbb1bbb2944e3ec69a7cb9a9c33deeead88,,single doi match
Mada11,32140172193a5850bd55f81b626262b845661d4f,,single doi match
Madu13,7738d6a2cfdba31d771d4a8ab6649f2718ded3d5,,single doi match
Madu13a,a016412367ed40d9c5b76383109dcc4f833ff12f,,single doi match
Madu13c,a53cbf0c57a5e06312397f04c0629c31731e26da,,single doi match
Madu14,d1db95a442a2c17c4e60e4fee01372fa400ff636,,single doi match
Madu16,7e2f4b83c10f388e8ceab04bf559f30f299f4111,,single doi match
Maho20,64a8a40675ff707a6a3de3af238dc03e30c7186e,,single doi match
Maie18a,91d23b702b9a59bf75c5162c3250017b526c0e69,"['91d23b702b9a59bf75c5162c3250017b526c0e69', 'f16773597d32d0c6d2ab1b66465e26dde06eadac', 'fa96430855d805c045335e70c0b60d3acb8c9a79']","multiple doi matches ['91d23b702b9a59bf75c5162c3250017b526c0e69', 'f16773597d32d0c6d2ab1b66465e26dde06eadac', 'fa96430855d805c045335e70c0b60d3acb8c9a79'], took the first one with most citations"
Maie20,2968b96fae50ce329147b26f9c29d49439b74985,,single doi match
Maka10,bb1e8f7832cf85a1d49ee002dbb6e72d0c8251d6,,single doi match
Mann10,75cd956b09c2eda5131b334555c749a6c314e486,,single doi match
Mann11,50d7d177be4b1e7fa5f9c7371604718f128d6528,,single doi match
Mann14,afb28ac7f8988cf0da21a8b18a2cd37ac5350917,,single doi match
Mann16,0023c0af3833ba26698ff22e236f3625f1533e86,,single doi match
Mann16a,198800090856d9799b21c965032eab972e1ee578,,single doi match
Mann17,86bab119f07a492350c6cc7bd06ed91c73ee807a,"['86bab119f07a492350c6cc7bd06ed91c73ee807a', 'e7f15929ff71a5a33af66ece92d707a7be7aebc8']","multiple doi matches ['86bab119f07a492350c6cc7bd06ed91c73ee807a', 'e7f15929ff71a5a33af66ece92d707a7be7aebc8'], took the first one with most citations"
Mari21,51c291c635a61682b1abcfc99c6e21079ba39b67,,single doi match
McLo04,81cfc7e735194a4493f16e501f985fa009bfdff7,,single doi match
Meij15a,b7911fd32d678c756874904e35b13dd3fa225a56,,single doi match
Meij17a,fb5c4bf41fd879c9c64028a817db7f7ab6aba429,"['6119971f513cfa3a9dce2cff139f041f11bcb404', 'fb5c4bf41fd879c9c64028a817db7f7ab6aba429']","multiple doi matches ['6119971f513cfa3a9dce2cff139f041f11bcb404', 'fb5c4bf41fd879c9c64028a817db7f7ab6aba429'], took the first one with most citations"
Meij18,d5822d3e621307d4928b2bd20643640676b09495,,single doi match
Meij18a,b8f20f8de8a22406d7308e6a7e2bc9508bf78210,,single doi match
Meij19a,42f7d5d9b1df931226dcdbf354a07e357cdbc186,,single doi match
Meij20a,3db60e34dad56e3949508d8dc1324d5331f9a2c6,,single doi match
Meij20b,ffa6b97fd94b3641ddf22af707719a42ee4db9ac,,single doi match
Mele12,ed8e8be2e3c9e0520090e9b2065377d9623f01f2,,single doi match
Mele14,1e742e102e77881837a2c8b8ada295217a7ea4ef,,single doi match
Mele14a,32eab666e2a48a743f3d278ed9974582e513553d,,single doi match
Mele14b,98b95b0af8ba3c25a87ad5755519164fcfeee2d0,,single doi match
Mele16,b0a13599be9ea703f27a90bc544511ed8c93b2b5,,single doi match
Mele16a,3b198ccfa068ba133c3c1eae1c8beac1d2ce88e8,,single doi match
Mele17,8125ba843b6e5c20524c9b549398a368e0613d88,,single doi match
Mele18,0831d694fa14d96916f62226c6c74d862f90772c,,single doi match
Mend06,c0dcc63c3114c66cadb229b2f66e7a0b7ee3fbb5,,single doi match
Mend09,fc218a97ffea02d88a808f2706c966874c998ce5,,single doi match
Mend09a,5fd0e531592071d01d4286f08566a86362e26df9,,single doi match
Mend10,824ab3050caa860dc50cbe8859a5b2249588a5e2,,single doi match
Mend10a,375ac3921f2fe9516b01a35a37aedd05f2093836,,single doi match
Mend11,12e543454c9b14e372718e9618fa40685db83ad5,,single doi match
Mend12,b10df775262da5a98ec6cf85403a7bbfd26c1aeb,,single doi match
Mend15a,5e8d92d23959661851fa64fee44597df24b828b2,,single doi match
Merc20,e8abcf480f30bf5c079023c0a5bf80308dcd78ab,,single doi match
Mert12,a04e943e648173c7944c554bc587960765feb114,,single doi match
Mert16,3487257137f253ce44733bc433e14249a87c07ad,,single doi match
Mert17,5eaff5ff94bfb7d25ef87679e9fcf243346b30e5,,single doi match
Mets11a,ccd229b5d8ea29c484d4fa8fa9823899afb2a061,,single doi match
Mets12,edc0d900d33d2ee0013dbb130d4f7956d77ebba9,,single doi match
Mets12a,5b54d066b85be837e4896989f53d10e0b13dbecb,,single doi match
Mets12e,177331ab3937bb17a77cf453ba6684d3ac028b22,,single doi match
Mets12h,2012c7e5e9a96cafa9128f057db62ba372e3c702,,single doi match
Mets13a,4e79aacf36a21b972e387d566141177e549469a0,,single doi match
Mets13b,1e9cef47e4a4180ed74b89301ef2dbec30b66990,,single doi match
Mets16,e571e6bec0974bb3d8b508183075258b783c9ec7,,single doi match
Mets17,943bdf087596bb850f860c4074bfff718ffc7ce8,,single doi match
Mets18,eb383f9d03fc189c9b3c7bb2e7132d5fdb07f067,,single doi match
Mets18a,6a340e97fd3c7c5f9f2f5401d1a2fb07c39fb8ed,,single doi match
Mich21a,32fb40cb7d2abc53a1f56c94fe592b0c39870901,,single doi match
Mich21b,926e78dce5e42624d849dde4be1e8cdab215c42a,,single doi match
Moha11,11f3274c97ef62ae0fc888928ce0c939d03c79f7,,single doi match
Moha13,e0a4f8f3d89cf5b3bbf5db1be0ab370896e68498,,single doi match
Moha13a,955dc85fbe185045d897252e2c8cc45e851d95ae,,single doi match
Moha14,37152c02e2e92a6c796c062ccb749974197d4f0c,,single doi match
Moha15,5d64335056fe6f14983a92010a3b6ae8c92d4b73,,single doi match
Mor18,aa0eeb67cdccfa3ea49185dc9d7711c21ab29dde,,single doi match
Mord13,2c75e1d3844da3a4152d44ed23d2281a84051083,,single doi match
Mord14,933b9110259e74592a7208444887f79a625210f3,,single doi match
Mord15,8c1ea2ea519e1512cb46b28cd7814c8af900dc06,,single doi match
Mord16,f96c79f90cb53fb753033a0602753c114ba0e9fb,,single doi match
Mord16b,2c922a216c9684d539ffaf858cace091b2a2f7c7,,single doi match
Mord17,c8a213ffbfae47c7471de82e7a6c03b5e48006f6,,single doi match
Mord18a,54a8ecacfe92d59d541fd3f7788673a83e62c78a,,single doi match
Muen09,5710ee8046be85e4702f546f7e18f4c90ac48d87,,single doi match
Muen12,2afc979ce2117c36a6bc93edc575b3dbd60c7170,,single doi match
Muen12a,93f83b026d86c5c2217e36b6b91383d1b8afe3c4,,single doi match
Muen12b,8872a136642b7c45de906e5f3350d08da8915e31,,single doi match
Muen14,c2114441f5e7ab560314ec222a9ab9a38cb9a62b,,single doi match
Mull19,18d0a58647fbdaaf7cd278cb66ae548a1e5289e5,"['18d0a58647fbdaaf7cd278cb66ae548a1e5289e5', '981fb8239e2e32cd742059aa270015871aa64b61']","multiple doi matches ['18d0a58647fbdaaf7cd278cb66ae548a1e5289e5', '981fb8239e2e32cd742059aa270015871aa64b61'], took the first one with most citations"
Muna21,0759829c3d1484b5ba08e60ffb8282207ab68a8b,,single doi match
Muns19a,aa4959c07dab73932a118ba1d75fdde23e55ffc6,,single doi match
Murp07,46ad5997668ef588b9eae850299e642b90262060,,single doi match
Murp08,42051c5c9cfd535a32221211dd2fec5ab3d2a12f,,single doi match
Murp09,1b28c67c8c23bb85dd86a56e661ece107dd4c98f,,single doi match
Murp10,11270fdc633003eec7df21d1d9a8d807d8cf1d0c,,single doi match
Murp11a,31f676889affcf561b077e661380e5fd945aabba,,single doi match
Murp12,9ca3badc4daf9fd3da93b868e84d06476393fc78,,single doi match
Murp20,0807697ee497d294c1ec272631c5f84aeeb2571e,"['0807697ee497d294c1ec272631c5f84aeeb2571e', 'c70d5169b5c69171cc2ed3ec40eebda0630988d9']","multiple doi matches ['0807697ee497d294c1ec272631c5f84aeeb2571e', 'c70d5169b5c69171cc2ed3ec40eebda0630988d9'], took the first one with most citations"
Murp20a,1f77425465d8a5dd20e949f9e80aa4da590efbb5,,single doi match
Muyo14,ba7ca751b20644a47eceb276948d676bf42609fa,,single doi match
Napo19,c94e50909368cf1112536dd7224fe141c2799b87,,single doi match
Niek09,75b311285b30601afcb96dcb4150b382f9266aec,,single doi match
Niel11,d0629aba040465706efd5f2695e74e69f3205423,,single doi match
Niem03a,7c6eef6134210ac70172c73bfd341809aac67b9b,,single doi match
Niem04a,798e312dd67798024da74f9a8f92946af88c7cd4,,single doi match
Niem05b,444deb4d61347150f98d2095192bf0c9a75c99bf,,single doi match
Niem07a,aa6b6a54343f1c9bba9b1dd2579b1132bc775d79,,single doi match
Niem08,9d9799545cca4d430a3e3edcce2fc0b6c8ba99c3,,single doi match
Niem08a,b2c5f8d2a2ad3759ab3844e90de416857145fc89,,single doi match
Niem09,9c948dbc3d1c7fc86c90f1b0b98e5aea37bb7c88,,single doi match
Niem09a,852e0bb4efbd7906c4c1eb35a69fc2c0eb51f9d6,,single doi match
Niem09b,df038b6c7e9eb4a67f30f4752a478110f5b1d1b1,,single doi match
Niem09c,3dee47df1e52968b02ac5ca0ce2790e7d4c56ac2,,single doi match
Niem09d,f3cac15257a142e4137eb93feb1ba1cf1127221a,,single doi match
Niem10,378dddb8472d1dd8e8bf18fc670916cdda4d4c1e,,single doi match
Niem10a,38a508f72094aa3810427c53f1a54ebbf15b7294,,single doi match
Niem11,d3fdf1be1b16875985db2121c467e852b2e6e319,,single doi match
Niem11a,e2b916c12347faafc35876900a78ff9efe136791,,single doi match
Niem11b,05abf67f5320dd744e9edf76d5b04d4258bd49bd,,single doi match
Nill09a,336b5a32e73a31cbc276d6dd0750e5ca42cfe073,,single doi match
Nill11,1b2583976cd39108af8f0b7d9f1900b4e61e4c95,,single doi match
Noot22,0aabb1a4831d724bf28ef9a9a0d7bde6a1bb2ea7,,single doi match
Oei17,242895b9618a7225acb805571956c6843dae0858,,single doi match
Oei17a,6cc4abfa6775f257c9231648a24ac9d825b232dd,,single doi match
Oei18,3c92977e98bbb2991e1843f3c3a2941e651d019d,,single doi match
Olac20,98c18814c12cabb5b4b453141f28e6755527efbe,,single doi match
Pate17a,be15a442d2cf19f1bbbd779273055a2de727380c,,single doi match
Pate17b,3f054da4c1d6606941c18c65ae6e435a49758b7b,,single doi match
Pate18,3a0848c228f2bb19ce1afd4871105eb6a317a3dd,,single doi match
Pate19,59399693fa81c3142552dac2e4456eb066e62c60,,single doi match
Pate19a,03254edc77c0459ad9fd9ea458c3ae171c0a4247,,single doi match
Peri21,90b8115c01d3e9da20b6a5ac11139dc9d9946127,,single doi match
Pete20,2a7dafe1287670068300ff77401923f7e151b9f4,,single doi match
Phil13,7841c4cf59be69cbba55ff31f302d0e1d6323bff,,single doi match
Phil15,31be3cce5c1e9ae715c5fa2d97d1c0ea5b23223a,,single doi match
Phil15b,1e265722259ad5880226c71ac082a6c8d6f11d84,,single doi match
Phil19a,b5a66ad408861f79a1e6606da4ed23f772a7eb02,,single doi match
Pinc19,c14d3cf3f27b22bb8e6a3be573095173e7a917f1,,single doi match
Pinc20,499846b295c4a0926f18bcc484c0db00bfbf1300,,single doi match
Pinc21,05fc7e2ebc4b7b0efc9bc79d4c5119c1a4d8ae38,,single doi match
Pinc22,7201377df1b1bcfa9f4f57d797f561842e848c9f,,single doi match
Plat14,30562d0cc6cfc7526d678103b46d02e446af2df8,,single doi match
Pomp15,fd9e39eec2414dfe630f8fbd82b093ef18f2f6b4,,single doi match
Pomp16,b9c37550bf40f47dd0ce71ac59490144fd7707e8,,single doi match
Pomp16a,2de6f1a75703272b9140f19cfe83c0a42527ef72,,single doi match
Pomp17,bdba224a4595a84c0850c4bbc3d13b2582e4f08a,,single doi match
Prok20,12e5057823a452673ae0aa4f8a64d4a88fdeaf27,,single doi match
Pros12,629276b035ec77dbc9af62d747d2a923079ec12f,,single doi match
Pros13,fcb8b0a49b42ea6834e69133f752db45836ba1f8,,single doi match
Rabb14,03582bc12f4bb32136d028e3d09fa07b98b25bb9,,single doi match
Ramo12,1df43a13035c094cc8d3eafd058507f4f3e4c57c,,single doi match
Ramo15,2d49c0641c15bb0d0d00c11fbc0155c9942a9ba3,,single doi match
Reij18,d646accbc0394ecfa0da14066a825ca1695c8dac,,single doi match
Rein21,a9dc7e9f174dbd624d5a8294ca6dc9b671e1ae97,,single doi match
Rema16,69cc46b96b0e8b0926de51d7a5bf83e3c29897f9,,single doi match
Riad13,171511e9d4b9a921232d02464304ee443c23f897,,single doi match
Ridg15,fdf663cc9dda29d55f2e2f44f9876f3b08f854f8,,single doi match
Riel15,a920a54da22d5e6114588d1ad78fadba534c1ad4,,single doi match
Riel17,e80b85ea45f4af6ed7278be42553ead2ee5b991d,,single doi match
Riel17a,af7a0c17980d8692f50adb16c63d02deed0d54ad,,single doi match
Riel19,19495049936b938f43434c03cb18ea0702d6f09d,,single doi match
Rijt21a,455e92c1f629cd8065bc0c8287d3da52b451b98c,,single doi match
Rijt21b,19afccfe66de8733d799d45d816ed0ad8a8665f9,,single doi match
Rikx06a,f875a55eb7cd0a9ccb22a7419fd3a40b4d333d0c,"['401670e91d739c01d969f8e983ba130c5e8f9f23', 'f875a55eb7cd0a9ccb22a7419fd3a40b4d333d0c']","multiple doi matches ['401670e91d739c01d969f8e983ba130c5e8f9f23', 'f875a55eb7cd0a9ccb22a7419fd3a40b4d333d0c'], took the first one with most citations"
Rikx08,024bb3acac8036e8a335b909f91c78391dcd4868,,single doi match
Rikx08a,728b2b4783db4b9b2fe53835deea9bab95410ae8,,single doi match
Rikx08c,e1ea2775af2513166f2dc2eca6c1c6c7dac50d60,"['32b1b73e83b953b53cd4ac856e60df8692de1a08', 'e1ea2775af2513166f2dc2eca6c1c6c7dac50d60']","multiple doi matches ['32b1b73e83b953b53cd4ac856e60df8692de1a08', 'e1ea2775af2513166f2dc2eca6c1c6c7dac50d60'], took the first one with most citations"
Rikx09,35ed683f966071aa4d9e428ebdc7b245a310f9ea,,single doi match
Rikx09a,8a4482179ae334ba0dbd76060c30332a65f9861a,,single doi match
Rikx09b,a4b778f8e002b34fd337ada732d5257c846495a9,,single doi match
Rikx10,f640a7a2f5618c0ca8e49b84af937bc16e868175,,single doi match
Rikx10a,b75ff2b9b67d7eaa6d0ef3231b755cde8f6915b7,,single doi match
Rikx10b,338b5d8af7633715a9062049ac8445c8b830df6d,,single doi match
Rikx12,07b1cfaff7bb3fcdd0df7ddd43cf46258be9438b,,single doi match
Rikx12a,145633f228eda9babfe3f73fa981c6787f66541d,,single doi match
Rikx13,2b7ad6d27f934c4983e5ea9b1fa391926989e59c,"['2b7ad6d27f934c4983e5ea9b1fa391926989e59c', '4ee7ca8fde4701977fdbe11398cd4983fbbca8ae']","multiple doi matches ['2b7ad6d27f934c4983e5ea9b1fa391926989e59c', '4ee7ca8fde4701977fdbe11398cd4983fbbca8ae'], took the first one with most citations"
Ritc16,cb695909a72f6a2b288bded8058ce8ab6398424c,,single doi match
Rodr18,38f5f8539b523929aafed804c3533b62abdc3781,,single doi match
Rodr18a,8db5fb8ff224535dfeb095215b030e8d260344b7,,single doi match
Rodr18b,419668ed3bba71b382853b171b1bf4aecd83d483,,single doi match
Rodr19,1098db3a130ba082c6695a326b70d88dac71f27a,,single doi match
Roel03,ae276654985fe5b01288625048662340310f37e5,,single doi match
Roel06,980eb600637d3f07c103029a76bc20e5b005f9eb,,single doi match
Roel12,6beb86f0b9019f6de377b970b6e22feba507c190,,single doi match
Roest22b,0b10a3e57da548c641e38f7ad02937e6bd50203d,,single doi match
Ross20,d89bbd9b8c45e37b4e874fd1fb0690b1af338c29,,single doi match
Saad19,7cbf61f2d7b1fae068e3b815ebcb09e09555cd50,,single doi match
Saha21a,16bd5fd779ba5acfd59403d3e91d6cf6ecd28f93,,single doi match
Saks14,6873c25b4466ae69a4755dd1f937bf0b82f6ad11,,single doi match
Samu07,17076b47c70f579a9e3fc9a898c86dfe62fdfdca,,single doi match
Samu08,11ddc349211e0ee1ff0e463ef6933bfa9d3919fa,,single doi match
Samu09,390fb83c871c013ba98b5590a8c729266b05ed87,,single doi match
Samu10,7fa621703a760695adebedc925d1749efe73797d,,single doi match
Samu11,cfd171ef5dd78227c2253f32340d7d4c040d4444,,single doi match
Samu11a,413ed0cca2f1915d279ae891324633c18c89cb74,,single doi match
Sanc09,d6f43ce72b81460ebe93f3f3c959ff5983d66b07,,single doi match
Sanc09a,699e59747454c422766132be28c2aa3c4c04de99,,single doi match
Sanc09b,7c96564eb21ed23357d3ce5f33445756002ae47e,,single doi match
Sanc10,51371dc70506dbdcc2d79eb28783c80226d8bc36,,single doi match
Sanc10a,a0083e8d84d4858e4c85dcfce6db4ec18b57535a,,single doi match
Sanc11,c8ae5ea9ede39decae80e0e8f9a13b8b87fb6f75,,single doi match
Sanc12,30a5be97d463a7e30248c1c5cc3511ded6205d8f,,single doi match
Sand19a,57098a73d38c2b147b1dd2574d87b4c30eec21ab,,single doi match
Satt22,a9b2faab3a7195ee1deacda52004b4cd396f427a,,single doi match
Scha13,4f1105d82ae39f9705da50fc98f4b545d80723dc,,single doi match
Scha13a,c78606bf03806c66b3d24122d564173a448181ed,,single doi match
Scha14,dabf1c07425730421cd8e1bf4ad9d7fffb7b036f,,single doi match
Scha14a,6b18013b756f365ee486e752272327a554ea841a,,single doi match
Scha14b,bd9cd87e942d44cf6bd24a9a1105b4ec6c0883d5,,single doi match
Scha14c,c20ebcc69b4c426fa0231ce719576ed7ba7b0629,,single doi match
Scha14d,51d271d58ca1492055fa83f97019c34672c77dd0,,single doi match
Scha14e,6b18013b756f365ee486e752272327a554ea841a,,single doi match
Scha14h,76651ee9770b111f53dbcb92b3cb1174d3760073,,single doi match
Scha14i,711091a5f3498c65061d5cff533169a7b7cedf8a,,single doi match
Scha16,36f4a3250668a84acc6e3eff9f9b4f496dab24df,,single doi match
Scha22,fe0311bb9d578c2811912c020045f1c3b7345543,,single doi match
Schi05b,9631891250b66696348d177974c08c5ff523bde9,,single doi match
Schi06,89d57c0dfb6c4a5d0f883a96648569f605ba8b61,,single doi match
Schi06a,ccf65024e744697617e208593fd1d47f9c27d9aa,,single doi match
Schi08,ce9b7e56072a7ffdebdd6516a3044975ae38ac73,,single doi match
Schi09,7fcd3d506310b5c7deb6858027dfd9e6a3f40258,,single doi match
Schi10,cbf00889d89fe8c70d66ad190cc94c3ed25f7f42,,single doi match
Schi11,3d3ca5dc423c0265941d1dc9d8884b304a1ee4fe,,single doi match
Schi11a,182850da64dee765b90588045f836b2a20077a2e,,single doi match
Schi13,4a281df10b34a521ccfe28db516bc67e90df41af,,single doi match
Schi13a,6fd7b098a6d041926be75beb4fc1835f2c695d7d,,single doi match
Schi22,7383ab9582f0e50753a0571f6e4d759f99f49d27,,single doi match
Scho11a,1ac1810f6db89758612fd372617c71f07a7b018a,,single doi match
Scho13,696f9c08ce42d9e71407d05987e5f3aa62fad108,,single doi match
Scho13a,bec0446b87854ea9f5b0210565e3c49ace87f24e,,single doi match
Scho13b,f6f881961e305ee13ba292d599969a2ad8d1edcf,,single doi match
Scho14c,6ca452a24dbe147205850148d98163481aa22dc6,,single doi match
Scho14d,c00533c3203b54405ba3192167c83a080a536ff1,,single doi match
Scho14f,45a0d554907e10b52846ac7757e24f9ddc9a9d4e,,single doi match
Schr18,032a0374513489195712dabb380d0feb3bb85d46,,single doi match
Schr18b,a2f7d760233f22f037d17c8196ea1463597e66e8,,single doi match
Schr19,010f33ceac3fb9aae25cb7ef51ba0f0dda95bb24,,single doi match
Schr19b,766b44a5bc3a4ffb30dd1b4b4d76752e8c81698e,,single doi match
Schr20,0060644239845c59813a5a9122d34e1f75d18e4c,,single doi match
Schr20c,302fbaac065fe76b0f8d6e2bccc8c715d1ab230a,,single doi match
Schr21,c4422edc3d7460dc858db3e23cef64136a49628e,,single doi match
Schr21b,e6826552a5bff552a12087552097519a614ce0c3,,single doi match
Schr21c,53e10b43522e45781bfd4763b49aebba6602c0ac,,single doi match
Schr22,956fe0cd25879aa006d9885eba32da7100b6d338,,single doi match
Schuurmans22a,0de05b444cb65b031f018dc44309dca7f7618a7f,,single doi match
Sech20,4cfea5ab26c5824d616fa8e2562c0666ecee55aa,,single doi match
Seku20,4882a6d4e40e048921d04570bec76a217b35b25f,,single doi match
Selv06,49c24eee5a4beae2052e774c275e3a5a2411924e,,single doi match
Seti15,f59a55d1e7cb49f8b2062df48ecd267b24191aa8,,single doi match
Seti15a,c973f1bff6304e0e6d4656d1379d1414929b782f,,single doi match
Seti16,06c8b4c1dd0c045bc6a08d0062c5042b5588d55b,,single doi match
Seti17,7975bfe13445f81edddd6e101d7d469cd20cbd89,,single doi match
Silv18,6d4507a54e77f55af2bfa786ca804a13018ff273,,single doi match
Silv18a,4e67443737640a6d88642034266c0ce2d76d9ae7,,single doi match
Silv20,367878e980e109d80ad80066cec1961a940614ec,,single doi match
Slui02,ee7ea95666aa2686dbf70c6aeed8c2794ed3cbac,,single doi match
Slui03,e2e040d3f75ff4e4c04b281f46163806f80ebcce,,single doi match
Slui04,7a1964f613685258b49161681d67585ddff896c2,,single doi match
Slui05a,2421eaf85e274e59508c87df80bc4242edae7168,,single doi match
Slui06,cb724200872323436552c2303f4d8f3ae9ea7d1a,,single doi match
Slui06a,ecad8c357147604fc065e717f54758ad4c10552b,,single doi match
Smit12,656947026157a7e1248db7f764db9e09e98e3b18,,single doi match
Smit13,41ec277af272f5fd6146fb13a8816289a464f6fd,,single doi match
Smit15,f948e6ceea98e653874bae245610957e54c76121,,single doi match
Smit23,935f46ae7c1a5be1ed7a5e176db38fb919bf30df,,single doi match
Snoe03,21f36695f2f92200916359a1b61d5e5648e2dd49,,single doi match
Snoe04,8d31ec41bad5116e2cba21ba5b5d165f770c5d3c,,single doi match
Snoe05,2e5d21f0b2553210b0b0ec6e2b8c292de8c9106c,,single doi match
Snoe07,2a2d8905070d3dab2cdf73577193113a058326ac,,single doi match
Soga20,4e152f76ccc69de9323ff63ca8fc5bbb61fa1712,,single doi match
Soga22,1d5f65d8f721089fca1e7fac8d1ef214f12e2c23,,single doi match
Soly15,21a62e34c2b257a66a7f2f539364594b7756a681,,single doi match
Srik12,e5f7b5efa305a5936b7a89db4a30c35a8e51fe76,,single doi match
Staa02,d5ea31e555f04e668dce705c220241750de6b4f6,,single doi match
Staa04a,ac9748ea3945eb970cc32a37db7cfdfd0f22e74c,,single doi match
Stan18,a5535bb713b3cf4546242a3434877c95ee02b02b,,single doi match
Star09,d64d150155c9e1995efae28446625f1dfced6031,,single doi match
Stee17,17e7607acf9b2aeda7b32e369df4a5ea2f903194,,single doi match
Stei15,f00068fa78dee1aba549dda6d6dca018287bae61,,single doi match
Stoe08,399a236e0f31ec8a941285aae48be979bcd875ee,,single doi match
Stou12,e556afa60fd6588be8120f74d3a270930cb9869f,,single doi match
Stur19,9ff29e9553f0d93ef599c5afa90f311cc907d507,,single doi match
Sunoqrot22a,8c739636acd9cc63a1290e73bb34cf49b605d60d,,single doi match
Swid19,ddf3d225ccaeb05a912051c554b38f722f365a1b,,single doi match
Swid20,a9dc7e9f174dbd624d5a8294ca6dc9b671e1ae97,,single doi match
Swid20a,424bfbd0fcda2f8e5985acf173a5111af22f553d,,single doi match
Swid20b,ec43e78642d133ac0b19192ca26d0fcb0ba14a99,,single doi match
Swid20c,0a79db68b14b74dfd7637ed5b8a0a7aa2956e3ea,,single doi match
Swid20d,71cda147901a9122f82bb855f7e91c74e44eabbf,,single doi match
Takx14,b5233edf02fcfa9c994546ed8590246e2f432ec3,,single doi match
Tamm18,e6a0940e90b9a661ff2accfa5e8eefe56fd35263,,single doi match
Tan11,2704781e2ff16f7f31bd97e4d393e685b9ab0875,,single doi match
Tan12,443e44a373875423637e9b519b451031635f2d35,,single doi match
Tan12a,f3b57b52566e70cc625e741ef1b2a388175f989d,,single doi match
Tan13,0a0094567a4b50f0274c729c55d272608d1cdafc,,single doi match
Tan13a,8e7a787fc98d409a3f6c63826e53c60210894c19,,single doi match
Tan13c,534510f570af42f0affc5967dbcaefeb25948aa8,,single doi match
Tan13e,8139e856e3807c839ad70161f5e815552a083a64,,single doi match
Tan15,61d67f082bb776ac3a897dd2109bcb61d3660e7b,,single doi match
Tan16,16018e9f637a1353bcf8136c4643cea5d0de8bbd,,single doi match
Tanc10,d1a97815a9fa5d25ea4b55acb51cbc582c35407e,,single doi match
Tell18,d188bdc40ffea984ce94b88b21fd5d3d3d9972d3,,single doi match
Tell18a,6f55cc94e6a7b1e7f54b77aecf6b57773378fc21,,single doi match
Tell19a,35ee6606ec99b5bf282a0c5f400edbd16a6e22d9,,single doi match
Tell21,fed7c0d369d8991f6b76a661dedd0d1768a402d2,,single doi match
Timp02,0dba24303682aab3795c1493f5b639bd38d4358d,,single doi match
Timp04,475acaf8c5b6f148dd4faabc6a31d7a10605f748,,single doi match
Timp05,d41140f0a6e06d1c94715dcd3ce6c4a9cda8ef48,,single doi match
Timp07,6151c62ea8b3f95b4b4545807cc7b0c9794e9fbf,,single doi match
Timp10,01bb3eaa558de011fe6cf83f854ed64208cf6785,,single doi match
Trom12,6c9c323e06155fb6d4c3adff3ae733a45c55a4e6,,single doi match
Turn21,ffa308f1ec81d2c2e1e75103af34ba450c33ee25,,single doi match
Vare03,25296bf46f2f414dcb6a595df5cbd178db33760f,,single doi match
Vare06,35ad1f356614dfd1fa89f11720f00e25546eb996,,single doi match
Veld00,0d8168e66dd34b4039f31cc5f47482262c0be316,,single doi match
Veld00a,a89e968c04e1a53c00ade6242c95151f7b0306a1,,single doi match
Veld99a,c928564a62aecc7fa44d7df8351dddb4205f5a2b,,single doi match
Veli08d,77d011099d6238973e9650c55120bb45da1606c9,,single doi match
Veli09,035397ac5e8e55ade890c76064260a11bccd20a2,,single doi match
Veli09a,eeb232556baa984bf39d678b2619e58d47ee700d,,single doi match
Veli10,e7326df695929ed141164de483b8e651d9b57d52,,single doi match
Veli10a,5afc31c4d231f5f54b5ee029573b80ee72ead116,,single doi match
Veli12,6e1eac7fb957bdd979dca2a234a9e02ee4656245,,single doi match
Veli13,73de8d539bce0fed3f1d23153b169b00f35b4861,,single doi match
Velt08,c9f43a2a6b42656bafb03163e1498dc087d0b80d,,single doi match
Velz20,13c0cf335efd48efcb2f35187c5392e4a6e213b5,,single doi match
Ven11a,448cddc81736e13b617d55f2550ae3665dfb447e,,single doi match
Ven13,ef79b35cc95dd6c64d928f5043bc219be89d349f,,single doi match
Ven13b,9662f207e1ded0224a86f85f40dbaf2fd28dadd2,,single doi match
Ven16a,d267d21a0b48d6019c2fda657e64b4134b64a956,,single doi match
Ven16f,bceba1685bbddd5368222e849db3237cb7c25745,,single doi match
Vend17c,b51d0edf0370b89b246e7e67f58640ffebd2e224,,single doi match
Vend18,acaba0aa6a8a55104ae2cb09f093aa30621ffb47,,single doi match
Venh15b,ae6efa478f3ecc99f2273effad86f7a8a78a333a,,single doi match
Venh17a,e29513095896df886ebef0e1c8f8e40b6990cd70,,single doi match
Venh17b,855320ff1a3bda22505a8f9da2c24f56c5ee7712,,single doi match
Venh18,c4c99492376b43d7120067f806aa2d000fbc0b2f,,single doi match
Venk21,80ec09e2cb8244cab245f1108496af731d160ebf,,single doi match
Veta18,c377304af802f1ea67c6d696806a69f516a4472f,,single doi match
Vijv16,259805d3206e98af32a66eaf8fc0dfe73f595c4d,,single doi match
Vink88,8f9a31c0e676328f5beb217a9d0a17773eb663ab,,single doi match
Viss12,cebcb3fcae6f033310f2b02000109d815f58ce4f,,single doi match
Vlie22,08c1b02b22c53480dcf792b8346a5ae416a7bc00,,single doi match
Voge05,f215d3cfc9eca1506102addb38c3556bbfbcebfb,,single doi match
Voge07,3abdd710e114c17d1575d5f3342cf6a941dc9264,,single doi match
Vos08,f83088af99113dbba4978eea89b86d853b6e6a4c,,single doi match
Vos10,c27e6795e38902084b5b4d113ff6fff3927c1873,,single doi match
Vos12a,aa4b53329efa2fa1bc2aae5ab34baa945945125b,,single doi match
Vos19,825003ce25765c8b21815246ebf739eafcce5621,,single doi match
Vos21,f29eb9082f4fd1b632eeea5f668671e6ca685d29,,single doi match
Vree17,f0dff8ace53e7e0c2bd64dd5f18996eedf10e4cb,,single doi match
Vree18,6492ea59487a07b4a2c380daeebebb26a6ff8bc2,,single doi match
Vree18b,cd47d4eae40407bb844a7322d417cb2fe667e6eb,,single doi match
Vree18c,7c3b43419293d766b7b6a69c4606d43cbbc13cd2,"['29351b0458efeec9407831afa5be3e3da58f61e1', '7c3b43419293d766b7b6a69c4606d43cbbc13cd2']","multiple doi matches ['29351b0458efeec9407831afa5be3e3da58f61e1', '7c3b43419293d766b7b6a69c4606d43cbbc13cd2'], took the first one with most citations"
Vree18d,37dd5df4c173aac442ea358dd6135100e21c4451,,single doi match
Vug18,bbb3afacdbf1275e48ff46f21d9ac37574f281a6,,single doi match
Vuka10,4ea221e633c584c7abce455e17071d4d95b5fa9c,,single doi match
Vuka11,c072c0566f86cc9bbd967741584f0b5f2d70f0d4,,single doi match
Vuka12,3e95abdc1bec8622e45fc2258e27f31820754c7b,,single doi match
Waal15,1ed7b8605b403640ecb3443ac8097d8cabf60fe0,,single doi match
Wand17,f450e015384d3f06fb1b1885536cdec1d634c785,,single doi match
Wand17a,d677e08922a1c646ef739f06bae679cc795ba362,"['10123038b80006871abc7396810bed15bfa29387', 'd677e08922a1c646ef739f06bae679cc795ba362']","multiple doi matches ['10123038b80006871abc7396810bed15bfa29387', 'd677e08922a1c646ef739f06bae679cc795ba362'], took the first one with most citations"
Wink15a,8b3995db48fa7ab9539e3aaa72eb71cba8e68802,,single doi match
Witt11,afda5ff4f4b03cd95f1f52ac8886397e46b5300d,,single doi match
Witt12,2f3bebbb947b31dc3f81d4ac5f7e1414e3172f25,,single doi match
Witt12a,2f10f440accedc9e5cac27b58f606939d41b9c0b,,single doi match
Witt12b,55531229b8103969912f6d12933d5c2b30c616e2,,single doi match
Xie20,a7e94f52d1dfb0c5c823032a0b9a70dd0acbb625,,single doi match
Xie23,b0255ad2c81689cfd14ec8573780400a5fbf7b99,,single doi match
Yaka10,45bced603af6c4b11db85018291705262a98768f,,single doi match
Yaka11c,51c17b6d2b1fcd46fef6ceaa5569e39a951cb8a6,,single doi match
Zaid18,ebb0d21c567909e31be5d43d72c8b3020f2708c9,"['ebb0d21c567909e31be5d43d72c8b3020f2708c9', 'fd2239f855b044b6ebe9fac5e0e01951bc9eddb4']","multiple doi matches ['ebb0d21c567909e31be5d43d72c8b3020f2708c9', 'fd2239f855b044b6ebe9fac5e0e01951bc9eddb4'], took the first one with most citations"
Zels15,ff84e1c5bae04497d875a331da0120f8a337d226,,single doi match
Zels17a,deda0fc0508e72e9cece3d27b74b0776e593d055,,single doi match
Zels17b,c2da52941ea09be5f3a56087d52454da941e4fb5,,single doi match
Zels18,c6b1c8590269a5789095eca5f28d49413045fd82,,single doi match
Zels18a,87b0a4836bd2d2caeaea950037ba2bdc9a2443b1,,single doi match
Zels19a,f0d2a9258dcc592bee57f97fe523c1a0c1af5856,,single doi match
Penz21,b7839ad75c2d6ee26bd37e47accf1cc4389e297f,,single doi match
Bili22,0655dcaa39cf41a3609974840f91300d73b4aed1,,single doi match
Aubr22,18e784586cb41d5dfc28e84f4f1c390086c6516d,,single doi match
Merc22,76f8e809b6ffac6eac0806d590c0c2519d75dac2,,single doi match
Mari22,79c9209f3892a5a704abb6be161ca7b41d02775d,,single doi match
Marc22,57c9e588f21034990f834f5f0610959332d3ed70,,single doi match
Muna22,e7158d01e00c44011785e31e48d9082c3b3e08ce,,single doi match
Muna21a,7e43e8a75e61c350cc95862bddae395e662a76cd,,single doi match
Hude20,c52daf1cb971120c4083116cfc213acbaac6faaf,"['c52daf1cb971120c4083116cfc213acbaac6faaf', 'cde27a74addf80ca2b3385a32966d51d35e0b2ff']","multiple doi matches ['c52daf1cb971120c4083116cfc213acbaac6faaf', 'cde27a74addf80ca2b3385a32966d51d35e0b2ff'], took the first one with most citations"
Hend23,70686c2db88212d610871b007083bcc58876b49d,,single doi match
Vina22,6df1dd59f69d05d00e0b41b3220781b614584362,,single doi match
Adam22a,516b2dc6c3761458c8fa6f5759295673e86a42db,,single doi match
Adam22b,c661857719657aac571718e3d48cb66b8fc1e941,,single doi match
Sido23,42f306e5fe8d8a22bc805f0f98e3fd2c292f06ac,,single doi match
Graa22,a46c8e13b227cfc9d208915fdc79a6aff9fc58ea,,single doi match
Wild23a,74612633c1b07655ed9a081d1540deb22a257430,,single doi match
Schu23,77ac189f7a47c859a4bbee196c1ac6a2ac046338,,single doi match
Wild23c,31c44bb386353af1a2dc76bd533eff7433424c45,,single doi match
Bokh23,f7c9d9a217387d3a73a39b232a3bc14e6706b533,,single doi match
Bokh23a,be741d6f455a941f206de7fecb44f81678f385bf,,single doi match
Laar23,97c5ca5dd59f564c88a0f36e74a4f55c1ae66b79,,single doi match
Scho23,69cec4aa46e33d973af972f7b78e5991d8f03601,,single doi match
Eeke23,fc5eb96c03e65d357cb8425a5938f4a6b62be9bd,,single doi match
Linm23,697be6a6398755ff665b968936fef868ec8974bf,,single doi match
Jark22,c90825e6da28cd71598d38dacf09cd1023ad1a74,,single doi match
